"","expr","mean","median"
"1","ggplot",2403.72694,2313.988
"2","lattice",975.27104,977.203
"3","graphics",13010.37393,11575.972
