"","expr","mean","median"
"1","ggplot",93.4562803,90.9445235
"2","lattice",36.4850046,37.298169
"3","graphics",14.9100496,15.5514715
