"","expr","mean","median"
"1","ggplot",1707.6740508,1701.228102
"2","lattice",1939.7841367,1936.095773
"3","graphics",585.6997079,572.210642
