"","expr","mean","median"
"1","ggplot",4.96929379,4.869209
"2","lattice",311.76855195,295.5340775
"3","graphics",555.40219442,542.4189525
