"","expr","mean","median"
"1","ggplot",610.7860134,608.2451845
"2","lattice",18816.3868139,16504.507965
"3","graphics",142.2870056,40.3568375
