"","expr","mean","median"
"1","ggplot",2.21264352,2.253172
"2","lattice",536.70964693,541.2739885
"3","graphics",38.44950162,38.114617
