"","expr","mean","median"
"1","ggplot",335.445273,330.058916
"2","lattice",78.2716957,79.291373
"3","graphics",28.8804916,31.55562
