"","expr","mean","median"
"1","ggplot",4.95364249,4.949317
"2","lattice",35.08905756,30.103881
"3","graphics",36.14069477,25.797928
