"","expr","mean","median"
"1","ggplot",2.10969078,1.8743635
"2","lattice",30382.68604021,57979.1253835
"3","graphics",34452.00177483,29883.922019
