"","expr","mean","median"
"1","ggplot",31620.7884872,31373.172221
"2","lattice",58263.7393379,65195.4141585
"3","graphics",41225.1477281,29997.2487705
